year,volume,issue,article_id,section,title,author,author_sequence
1975,258,5537,/articles/258653a0,Opinion,New era of firmer control in French science,,
1975,258,5537,/articles/258654a0,News,A justifiable case for support?,Nicholas Enticknap,1
1975,258,5537,/articles/258655a0,News,Nessiteras skeptyx,,
1975,258,5537,/articles/258656a0,InternationalNews,Exit the Dragon?,Roger Woodham,1
1975,258,5537,/articles/258656b0,InternationalNews,University money plea,,
1975,258,5537,/articles/258657a0,InternationalNews,Cottrell call for coal,,
1975,258,5537,/articles/258657b0,InternationalNews,EEC diary,,
1975,258,5537,/articles/258658a0,InternationalNews,Washington seen,Colin Norman,1
1975,258,5537,/articles/258659a0,NewsandViews,Antarctic jigsaws,J. Sutton,1
1975,258,5537,/articles/258659b0,NewsandViews,Membrane-bound tubulin: fact or artefact?,Mike Jacobs,1
1975,258,5537,/articles/258660a0,NewsandViews,QSO redshifts and the steady state cosmology,J. V. NARLIKAR,1
1975,258,5537,/articles/258660a0,NewsandViews,QSO redshifts and the steady state cosmology,P. A. DAS,2
1975,258,5537,/articles/258660b0,NewsandViews,Lasers and the Lamb shift,Peter Knight,1
1975,258,5537,/articles/258661a0,NewsandViews,A hundred years ago,,
1975,258,5537,/articles/258661b0,NewsandViews,Heat flow on different scales,Peter J. Smith,1
1975,258,5537,/articles/258662a0,NewsandViews,The nucleolus on the Black Sea,,
1975,258,5537,/articles/258663a0,NewsandViews,A most Friendly meeting,BLANCHE ALTER,1
1975,258,5537,/articles/258663a0,NewsandViews,A most Friendly meeting,ALBERT DEISSEROTH,2
1975,258,5537,/articles/258663b0,NewsandViews,Astronomy from the Space Shuttle,John Gribbin,1
1975,258,5537,/articles/258665a0,ReviewArticle,Quantitative variation and gene number,James N. Thompson Jr,1
1975,258,5537,/articles/258668a0,Article,Metamorphic belt and volcanic arc migration in New Zealand,David Shelley,1
1975,258,5537,/articles/258672a0,Article,Summer phytoplankton blooms and red tides along tidal fronts in the approaches to the English Channel,R. D. Pingree,1
1975,258,5537,/articles/258672a0,Article,Summer phytoplankton blooms and red tides along tidal fronts in the approaches to the English Channel,P. R. Pugh,2
1975,258,5537,/articles/258672a0,Article,Summer phytoplankton blooms and red tides along tidal fronts in the approaches to the English Channel,P. M. Holligan,3
1975,258,5537,/articles/258672a0,Article,Summer phytoplankton blooms and red tides along tidal fronts in the approaches to the English Channel,G. R. Forster,4
1975,258,5537,/articles/258677a0,Article,Models for metal ion function in carbonic anhydrase,Paul Woolley,1
1975,258,5537,/articles/258682a0,Article,Conservation of cytoplasmic poly(A)-containing RNA in mouse and rat,M. Rosbash,1
1975,258,5537,/articles/258682a0,Article,Conservation of cytoplasmic poly(A)-containing RNA in mouse and rat,M. S. Campo,2
1975,258,5537,/articles/258682a0,Article,Conservation of cytoplasmic poly(A)-containing RNA in mouse and rat,K. S. Gummerson,3
1975,258,5537,/articles/258686a0,Letter,Size distribution of cosmic gamma-ray bursts,A. BEWICK,1
1975,258,5537,/articles/258686a0,Letter,Size distribution of cosmic gamma-ray bursts,M. J. COE,2
1975,258,5537,/articles/258686a0,Letter,Size distribution of cosmic gamma-ray bursts,J. S. MILLS,3
1975,258,5537,/articles/258686a0,Letter,Size distribution of cosmic gamma-ray bursts,J. J. QUENBY,4
1975,258,5537,/articles/258687a0,Letter,Cosmic ray streaming,J. SKILLING,1
1975,258,5537,/articles/258688a0,Letter,Third speed-up of the Crab pulsar,ECKMAR LOHSEN,1
1975,258,5537,/articles/258689a0,Letter,High temperature condensates among meteors,LAUREL L. WILKENING,1
1975,258,5537,/articles/258690a0,Letter,Detection of a potassium cloud near Io,L. TRAFTON,1
1975,258,5537,/articles/258692a0,Letter,Angular momentum transfer to the inner Jovian satellites,A. MOGRO-CAMPERO,1
1975,258,5537,/articles/258693a0,Letter,Unusual series of type III-RS solar radio bursts,G. L. TARNSTROM,1
1975,258,5537,/articles/258693a0,Letter,Unusual series of type III-RS solar radio bursts,Ch. ZEHNTNER,2
1975,258,5537,/articles/258694a0,Letter,Optical detection of Fe3+ in lunar plagioclase,D. J. TELFER,1
1975,258,5537,/articles/258694a0,Letter,Optical detection of Fe3+ in lunar plagioclase,G. WALKER,2
1975,258,5537,/articles/258696a0,Letter,Stratospheric measurements of H2O and the diurnal change of NO and NO2,C. P. CHALONER,1
1975,258,5537,/articles/258696a0,Letter,Stratospheric measurements of H2O and the diurnal change of NO and NO2,J. R. DRUMMOND,2
1975,258,5537,/articles/258696a0,Letter,Stratospheric measurements of H2O and the diurnal change of NO and NO2,J. T. HOUGHTON,3
1975,258,5537,/articles/258696a0,Letter,Stratospheric measurements of H2O and the diurnal change of NO and NO2,R. F. JARNOT,4
1975,258,5537,/articles/258696a0,Letter,Stratospheric measurements of H2O and the diurnal change of NO and NO2,H. K. ROSCOE,5
1975,258,5537,/articles/258697a0,Letter,Possible climatic impact of tropical deforestation,GERALD L. POTTER,1
1975,258,5537,/articles/258697a0,Letter,Possible climatic impact of tropical deforestation,HUGH W. ELLSAESSER,2
1975,258,5537,/articles/258697a0,Letter,Possible climatic impact of tropical deforestation,MICHAEL C. MACCRACKEN,3
1975,258,5537,/articles/258697a0,Letter,Possible climatic impact of tropical deforestation,FREDERICK M. LUTHER,4
1975,258,5537,/articles/258698a0,Letter,"Evidence for a Proterozoic greenstone belt from Snow Lake, Manitoba",KEITH BELL,1
1975,258,5537,/articles/258698a0,Letter,"Evidence for a Proterozoic greenstone belt from Snow Lake, Manitoba",J. BLENKINSOP,2
1975,258,5537,/articles/258698a0,Letter,"Evidence for a Proterozoic greenstone belt from Snow Lake, Manitoba",J. M. MOORE,3
1975,258,5537,/articles/258701a0,Letter,Evidence for pre-Jurassic subduction in western Antarctica,J. L. SMELLIE,1
1975,258,5537,/articles/258701a0,Letter,Evidence for pre-Jurassic subduction in western Antarctica,P. D. CLARKSON,2
1975,258,5537,/articles/258703a0,Letter,Ceramic steel?,R. C. GARVIE,1
1975,258,5537,/articles/258703a0,Letter,Ceramic steel?,R. H. HANNINK,2
1975,258,5537,/articles/258703a0,Letter,Ceramic steel?,R. T. PASCOE,3
1975,258,5537,/articles/258704a0,Letter,Pulsating turbidity currents with relationship to high swell and high tides,FRANCIS P. SHEPARD,1
1975,258,5537,/articles/258704a0,Letter,Pulsating turbidity currents with relationship to high swell and high tides,NEIL F. MARSHALL,2
1975,258,5537,/articles/258704a0,Letter,Pulsating turbidity currents with relationship to high swell and high tides,PATRICK A. MCLOUGHLIN,3
1975,258,5537,/articles/258706a0,Letter,Hermatypic coral growth banding as environmental recorder,RICHARD EUGENE DODGE,1
1975,258,5537,/articles/258706a0,Letter,Hermatypic coral growth banding as environmental recorder,J. RIMAS VAINYS,2
1975,258,5537,/articles/258708a0,Letter,Intelligence tests may favour the majority groups in a population,GORDON M. HARRINGTON,1
1975,258,5537,/articles/258709a0,Letter,Radiocarbon date for the largest extinct bird,RAINER BERGER,1
1975,258,5537,/articles/258709a0,Letter,Radiocarbon date for the largest extinct bird,KEITH DUCOTE,2
1975,258,5537,/articles/258709a0,Letter,Radiocarbon date for the largest extinct bird,KARIN ROBINSON,3
1975,258,5537,/articles/258709a0,Letter,Radiocarbon date for the largest extinct bird,HARTMUT WALTER,4
1975,258,5537,/articles/258709b0,Letter,Scorpionflies as kleptoparasites of web-building spiders,RANDY THORNHILL,1
1975,258,5537,/articles/258711a0,Letter,Natural daylengths regulate insect seasonality by two mechanisms,MAURICE J. TAUBER,1
1975,258,5537,/articles/258711a0,Letter,Natural daylengths regulate insect seasonality by two mechanisms,CATHERINE A. TAUBER,2
1975,258,5537,/articles/258712a0,Letter,Effect of light on egg-laying rate and mating speed in phototactic strains of Drosophila,THERESE ANN MARKOW,1
1975,258,5537,/articles/258714a0,Letter,Corpus allatum activity and wing determination in Megoura viciae,P. M. LECKSTEIN,1
1975,258,5537,/articles/258714a0,Letter,Corpus allatum activity and wing determination in Megoura viciae,M. LLEWELLYN,2
